{
  "project_info": {
    "project_number": "761185312466",
    "firebase_url": "https://mystore-62134.firebaseio.com",
    "project_id": "mystore-62134",
    "storage_bucket": "mystore-62134.appspot.com"
  },
  "client": [
    {
      "client_info": {
        "mobilesdk_app_id": "1:761185312466:android:3b1ed875f05643fd",
        "android_client_info": {
          "package_name": "com.example.mystore"
        }
      },
      "oauth_client": [
        {
          "client_id": "761185312466-bbvk2fvk4fgkbndhqku2ali5m4afh6oj.apps.googleusercontent.com",
          "client_type": 1,
          "android_info": {
            "package_name": "com.example.mystore",
            "certificate_hash": "3c2ad7adc3fd6ab51f1b7b5d7e295b13b520b8a6"
          }
        },
        {
          "client_id": "761185312466-ihu1ldhkifk62l540vnkaai7n5pvv23m.apps.googleusercontent.com",
          "client_type": 3
        }
      ],
      "api_key": [
        {
          "current_key": "AIzaSyDNPf1X0deFCHABsUJ12YJ_cjyIPcKEpuU"
        }
      ],
      "services": {
        "appinvite_service": {
          "other_platform_oauth_client": [
            {
              "client_id": "761185312466-ihu1ldhkifk62l540vnkaai7n5pvv23m.apps.googleusercontent.com",
              "client_type": 3
            }
          ]
        }
      }
    }
  ],
  "configuration_version": "1"
}